format,name,description,mining_tool,sensitive_content,series_total,Attributes,collection
CHIP-0007,adewale-the-amebo,Adewale likes to be in everyone's business. ,1,420,[object Object],[object Object],[object Object],[object Object],[object Object],[object Object],[object Object],[object Object],[object Object]
CHIP-0007,alli-the-queeny,Alli is an LGBT Stan.,2,420,[object Object],[object Object],[object Object],[object Object],[object Object],[object Object],[object Object],[object Object],[object Object]
CHIP-0007,aminat-the-snnobish,Aminat never really wants to talk to anyone.,3,420,[object Object],[object Object],[object Object],[object Object],[object Object],[object Object],[object Object],[object Object],[object Object]
CHIP-0007,aminu-the-carpenter,Aminu's hands are blessed; he makes the best furniture in the whole of Kano.,4,420,[object Object],[object Object],[object Object],[object Object],[object Object],[object Object],[object Object],[object Object],[object Object]
CHIP-0007,chibuike-the-kudibag,Chibuike is too rich. Everyone wonders how he got it.,5,420,[object Object],[object Object],[object Object],[object Object],[object Object],[object Object],[object Object],[object Object],[object Object]
CHIP-0007,chidinma-the-model,From Paris' runways; to London's streets; she's always in demand.,6,420,[object Object],[object Object],[object Object],[object Object],[object Object],[object Object],[object Object],[object Object],[object Object]
CHIP-0007,chioma-pretty-girl,Chioma's face card is a 100.,7,420,[object Object],[object Object],[object Object],[object Object],[object Object],[object Object],[object Object],[object Object],[object Object]
CHIP-0007,damilare-the-handsome,He's a fine boy; proper eye candy. ,8,420,[object Object],[object Object],[object Object],[object Object],[object Object],[object Object],[object Object],[object Object],[object Object]
CHIP-0007,ebiowie-the-planter,Ebiowei has a reputation for nurturing plants.,9,420,[object Object],[object Object],[object Object],[object Object],[object Object],[object Object],[object Object],[object Object],[object Object]
CHIP-0007,emeka-the-businessman,Emeka only cares about containers. No time to waste.,10,420,[object Object],[object Object],[object Object],[object Object],[object Object],[object Object],[object Object],[object Object],[object Object]
CHIP-0007,gbeminyi-the-monk,He lives in a monastery off the coast. No one has heard him speak in years.,11,420,[object Object],[object Object],[object Object],[object Object],[object Object],[object Object],[object Object],[object Object],[object Object]
CHIP-0007,henry-the-sportsman,He's played every sport known to man. Even cricket.,12,420,[object Object],[object Object],[object Object],[object Object],[object Object],[object Object],[object Object],[object Object],[object Object]
CHIP-0007,mayowa-the-smallie,Mayowa is so small but everyone loves him still.,13,420,[object Object],[object Object],[object Object],[object Object],[object Object],[object Object],[object Object],[object Object],[object Object]
CHIP-0007,muyiwa-the-stylish,Muyiwa has a motto which is never to be caught unfresh.,14,420,[object Object],[object Object],[object Object],[object Object],[object Object],[object Object],[object Object],[object Object],[object Object]
CHIP-0007,nina-paper-chaser,Nina loves money. It's all she dreams of. ,15,420,[object Object],[object Object],[object Object],[object Object],[object Object],[object Object],[object Object],[object Object],[object Object]
CHIP-0007,oluwaseun-spicy,He loves spicy foods. He cooks pepper and sprinkles rice on top.,16,420,[object Object],[object Object],[object Object],[object Object],[object Object],[object Object],[object Object],[object Object]
CHIP-0007,sesan-the-smartie,Sesan always comes first in competitions.,17,420,[object Object],[object Object],[object Object],[object Object],[object Object],[object Object],[object Object],[object Object],[object Object]
CHIP-0007,tiwa-london,If she says she's in London and you see her; you're in London too.,18,420,[object Object],[object Object],[object Object],[object Object],[object Object],[object Object],[object Object],[object Object],[object Object],[object Object]
CHIP-0007,tunde-yoruba-demon,Tunde derives joy in breaking hearts. It's a lifestyle.,19,420,[object Object],[object Object],[object Object],[object Object],[object Object],[object Object],[object Object],[object Object],[object Object]
CHIP-0007,yakubu-the-zombie,Yakubu earned his zombie title because na only dust full him head.,20,420,[object Object],[object Object],[object Object],[object Object],[object Object],[object Object],[object Object],[object Object],[object Object]
CHIP-0007,abdul-the-vibe,Abdul the life of the party and can never be caught un-fresh.,21,420,[object Object],[object Object],[object Object],[object Object],[object Object],[object Object],[object Object],[object Object],[object Object]
CHIP-0007,emeka-the-clown,Emeka the funny man; always making silly joke.,22,420,[object Object],[object Object],[object Object],[object Object],[object Object],[object Object],[object Object],[object Object],[object Object]
CHIP-0007,salam-the-odogwu,Salam is a big time textile marketer always sourcing for quality materials.,23,420,[object Object],[object Object],[object Object],[object Object],[object Object],[object Object],[object Object],[object Object],[object Object]
CHIP-0007,charles-the-exporter,Charles a business man an importer and exporter never to be caught idle.,24,420,[object Object],[object Object],[object Object],[object Object],[object Object],[object Object],[object Object],[object Object],[object Object]
CHIP-0007,wole-the-pimp,Wole knows people and his way around his city.,25,420,[object Object],[object Object],[object Object],[object Object],[object Object],[object Object],[object Object],[object Object],[object Object]
CHIP-0007,saro-the-baller,Saro is a baller and he is always ready to turn-up,26,420,[object Object],[object Object],[object Object],[object Object],[object Object],[object Object],[object Object],[object Object],[object Object]
CHIP-0007,ade-omo-yoruba,Ade is an influential man and he is revered in his town.,27,420,[object Object],[object Object],[object Object],[object Object],[object Object],[object Object],[object Object],[object Object],[object Object]
CHIP-0007,shola-cool-kid,Shola prefers to be alone because he hates stress.,28,420,[object Object],[object Object],[object Object],[object Object],[object Object],[object Object],[object Object],[object Object],[object Object]
CHIP-0007,charlie-the-smoker,Charlie uses smoking as a coping mechanism.,29,420,[object Object],[object Object],[object Object],[object Object],[object Object],[object Object],[object Object],[object Object],[object Object]
CHIP-0007,femi-the-badguy,Femi is one of the fliest guys in Lagos.,30,420,[object Object],[object Object],[object Object],[object Object],[object Object],[object Object],[object Object],[object Object],[object Object]
CHIP-0007,sinzu-money,Sinzu loves spending money on flashy things.,31,420,[object Object],[object Object],[object Object],[object Object],[object Object],[object Object],[object Object],[object Object],[object Object]
CHIP-0007,obinna-the-palmwine-tapper,Obinna taps palmwine for a living.,32,420,[object Object],[object Object],[object Object],[object Object],[object Object],[object Object],[object Object],[object Object],[object Object]
CHIP-0007,aminu-maikudi,Aminu is a wealthy man from a family with generational wealth. ,33,420,[object Object],[object Object],[object Object],[object Object],[object Object],[object Object],[object Object],[object Object],[object Object]
CHIP-0007,sabinus-the-towncrier,Sabinus delivers messages to his town people.,34,420,[object Object],[object Object],[object Object],[object Object],[object Object],[object Object],[object Object],[object Object],[object Object]
CHIP-0007,adisa-ibadan,Adisa is an elegant man and he is adored by his people.,35,420,[object Object],[object Object],[object Object],[object Object],[object Object],[object Object],[object Object],[object Object],[object Object]
CHIP-0007,linda-the-navigator,Linda knows how to make a way for herself and the people around her.,36,420,[object Object],[object Object],[object Object],[object Object],[object Object],[object Object],[object Object],[object Object],[object Object]
CHIP-0007,kemi-the-ironlady,Kemi the strongest woman known to the town of Igbede people.,37,420,[object Object],[object Object],[object Object],[object Object],[object Object],[object Object],[object Object],[object Object],[object Object]
CHIP-0007,mercy-the-sassy-lady,Mercy is a confident woman and never hesistate to show it.,38,420,[object Object],[object Object],[object Object],[object Object],[object Object],[object Object],[object Object],[object Object],[object Object]
CHIP-0007,sandra-money,Sandra likes getting and spending money.,39,420,[object Object],[object Object],[object Object],[object Object],[object Object],[object Object],[object Object],[object Object],[object Object]
CHIP-0007,bimpe-the-fashionista,Bimpe loves wearing trendy clothes and looking gorgeous.,40,420,[object Object],[object Object],[object Object],[object Object],[object Object],[object Object],[object Object],[object Object],[object Object]
CHIP-0007,kim-rich-aunty,She loves spoiling her nieces and nephew.,41,420,[object Object],[object Object],[object Object],[object Object],[object Object],[object Object],[object Object],[object Object],[object Object]
CHIP-0007,barbra-stark,She loves fine dining and spends time with family.,42,420,[object Object],[object Object],[object Object],[object Object],[object Object],[object Object],[object Object],[object Object],[object Object]
CHIP-0007,jean-art-dolger,Loves collecting art for charity.,43,420,[object Object],[object Object],[object Object],[object Object],[object Object],[object Object],[object Object],[object Object],[object Object]
CHIP-0007,flora-burger-eater,She loves eating burgers.,44,420,[object Object],[object Object],[object Object],[object Object],[object Object],[object Object],[object Object],[object Object],[object Object]
CHIP-0007,jessie-lord-rings,She loves her  (precious) jewelry.,45,420,[object Object],[object Object],[object Object],[object Object],[object Object],[object Object],[object Object],[object Object],[object Object]
CHIP-0007,pinky-monky-ponk,She love to dance the honky tonk.,46,420,[object Object],[object Object],[object Object],[object Object],[object Object],[object Object],[object Object],[object Object],[object Object]
CHIP-0007,wanjiru-hippie-glitter,A hippie that loves her glitters.,47,420,[object Object],[object Object],[object Object],[object Object],[object Object],[object Object],[object Object],[object Object],[object Object]
CHIP-0007,njoki-binary-coder,She codes with the best language and tops the set.,48,420,[object Object],[object Object],[object Object],[object Object],[object Object],[object Object],[object Object],[object Object],[object Object]
CHIP-0007,wangu-calaba-hustler,She is a passionate hustler you should be careful with her.,49,420,[object Object],[object Object],[object Object],[object Object],[object Object],[object Object],[object Object],[object Object],[object Object]
CHIP-0007,lulu-dey-kpako,She's is as enthusiastic as she is beautiful.,50,420,[object Object],[object Object],[object Object],[object Object],[object Object],[object Object],[object Object],[object Object],[object Object]
CHIP-0007,kiki-cala-flier,She flies first class and gets the best deals.,51,420,[object Object],[object Object],[object Object],[object Object],[object Object],[object Object],[object Object],[object Object],[object Object]
CHIP-0007,purity-nft-investor,She is an angel investor looking for the next big thing.,52,420,[object Object],[object Object],[object Object],[object Object],[object Object],[object Object],[object Object],[object Object],[object Object]
CHIP-0007,june-binary-monk,She has a twin from Tibet and they always play together .,53,420,[object Object],[object Object],[object Object],[object Object],[object Object],[object Object],[object Object],[object Object],[object Object]
CHIP-0007,aisha-flying-damsel,She is always a damsel in distress and loves to fly.,54,420,[object Object],[object Object],[object Object],[object Object],[object Object],[object Object],[object Object],[object Object],[object Object]
CHIP-0007,bobo-crypto-lovely,She is a crypto guru you can trust all through.,55,420,[object Object],[object Object],[object Object],[object Object],[object Object],[object Object],[object Object],[object Object],[object Object]
CHIP-0007,nell-light-embrace,She is an empathy ready with a kind word or hug.,56,420,[object Object],[object Object],[object Object],[object Object],[object Object],[object Object],[object Object],[object Object],[object Object]
CHIP-0007,rachel-mood-silent,Introvert  to the core a mysterious lady.,57,420,[object Object],[object Object],[object Object],[object Object],[object Object],[object Object],[object Object],[object Object],[object Object]
CHIP-0007,nana-reflector-agent,She loves her chrome fashion style.,58,420,[object Object],[object Object],[object Object],[object Object],[object Object],[object Object],[object Object],[object Object],[object Object]
CHIP-0007,bree-busy-gossip,Never whisper your secrets to her except you want the world to know.,59,420,[object Object],[object Object],[object Object],[object Object],[object Object],[object Object],[object Object],[object Object],[object Object]
CHIP-0007,jude-shadow-fighter,A ninja warrior; the last samurai standing.,60,420,[object Object],[object Object],[object Object],[object Object],[object Object],[object Object],[object Object],[object Object],[object Object]
CHIP-0007,toy-soldier,A man stronger than an army.,61,420,[object Object],[object Object],[object Object],[object Object],[object Object],[object Object],[object Object],[object Object],[object Object]
CHIP-0007,pipey-rivers,A man who loves the water so much and fixes it's path.,62,420,[object Object],[object Object],[object Object],[object Object],[object Object],[object Object],[object Object],[object Object]
CHIP-0007,phiri-of-zambia,An african woman with strength and beauty.,63,420,[object Object],[object Object],[object Object],[object Object],[object Object],[object Object],[object Object],[object Object],[object Object]
CHIP-0007,patrick-of-bikinibottom,A white man who loves the african culture and associates with their dressing.,64,420,[object Object],[object Object],[object Object],[object Object],[object Object],[object Object],[object Object],[object Object],[object Object]
CHIP-0007,nobuhle-of-zulu,A woman; well endowed with beauty.,65,420,[object Object],[object Object],[object Object],[object Object],[object Object],[object Object],[object Object],[object Object],[object Object]
CHIP-0007,nkosazana-of-xhosa,An african princess; always proud of her culture.,66,420,[object Object],[object Object],[object Object],[object Object],[object Object],[object Object],[object Object],[object Object],[object Object]
CHIP-0007,mandla-of-zulu,A simple and introverted guy who keeps to himself.,67,420,[object Object],[object Object],[object Object],[object Object],[object Object],[object Object],[object Object],[object Object],[object Object]
CHIP-0007,john-doe,A principled guy who is conscious of his health and ensures protection from infection.,68,420,[object Object],[object Object],[object Object],[object Object],[object Object],[object Object],[object Object],[object Object],[object Object]
CHIP-0007,ghost-of-power,A woman; stronger than ten men combined.,69,420,[object Object],[object Object],[object Object],[object Object],[object Object],[object Object],[object Object],[object Object],[object Object]
CHIP-0007,freida,A man who is always peaceful.,70,420,[object Object],[object Object],[object Object],[object Object],[object Object],[object Object],[object Object],[object Object],[object Object]
CHIP-0007,flamboyant-tree,A beautiful african woman; billionaire in the making.,71,420,[object Object],[object Object],[object Object],[object Object],[object Object],[object Object],[object Object],[object Object],[object Object]
CHIP-0007,david-of-accra,A combatant who fights and defends his people,72,420,[object Object],[object Object],[object Object],[object Object],[object Object],[object Object],[object Object],[object Object],[object Object]
CHIP-0007,cally-lily,A man who is a breathe of fresh air.,73,420,[object Object],[object Object],[object Object],[object Object],[object Object],[object Object],[object Object],[object Object],[object Object]
CHIP-0007,bubune-of-accra,A man with honor; always conscious of his health.,74,420,[object Object],[object Object],[object Object],[object Object],[object Object],[object Object],[object Object],[object Object],[object Object]
CHIP-0007,bediako-of-accra,A strong man; always ready to fight for what is right.,75,420,[object Object],[object Object],[object Object],[object Object],[object Object],[object Object],[object Object],[object Object],[object Object]
CHIP-0007,avatar-aang,A man who is ready to save the world.,76,420,[object Object],[object Object],[object Object],[object Object],[object Object],[object Object],[object Object],[object Object],[object Object]
CHIP-0007,argus-greek,A man who you will always find on the look out.,77,420,[object Object],[object Object],[object Object],[object Object],[object Object],[object Object],[object Object],[object Object],[object Object]
CHIP-0007,amahle-of-zulu,A traditional man; feeling fulfilled.,78,420,[object Object],[object Object],[object Object],[object Object],[object Object],[object Object],[object Object],[object Object],[object Object]
CHIP-0007,agnar-ole,A man who feels like an outcast and always has a battle with his mind.,79,420,[object Object],[object Object],[object Object],[object Object],[object Object],[object Object],[object Object],[object Object],[object Object]
CHIP-0007,adom-kulu,A ghanaian model; proud of his culture.,80,420,[object Object],[object Object],[object Object],[object Object],[object Object],[object Object],[object Object],[object Object],[object Object]
CHIP-0007,segun-baller,A man who loves to have fun.,81,420,[object Object],[object Object],[object Object],[object Object],[object Object],[object Object],[object Object],[object Object],[object Object]
CHIP-0007,bolanle-pepper-dem,A lady that loves to show off.,82,420,[object Object],[object Object],[object Object],[object Object],[object Object],[object Object],[object Object],[object Object],[object Object]
CHIP-0007,tayo-tailor,A professional fashion designer.,83,420,[object Object],[object Object],[object Object],[object Object],[object Object],[object Object],[object Object],[object Object],[object Object]
CHIP-0007,ajasco-comedian,A newbie comedian.,84,420,[object Object],[object Object],[object Object],[object Object],[object Object],[object Object],[object Object],[object Object],[object Object]
CHIP-0007,tobi-babyboy,A guy who does not like stress.,85,420,[object Object],[object Object],[object Object],[object Object],[object Object],[object Object],[object Object],[object Object],[object Object]
CHIP-0007,esther-sassy,A rude lady.,86,420,[object Object],[object Object],[object Object],[object Object],[object Object],[object Object],[object Object],[object Object],[object Object]
CHIP-0007,ozo-fineboi,A charming person.,87,420,[object Object],[object Object],[object Object],[object Object],[object Object],[object Object],[object Object],[object Object],[object Object]
CHIP-0007,ade-party-girl,The life of every party.,88,420,[object Object],[object Object],[object Object],[object Object],[object Object],[object Object],[object Object],[object Object],[object Object]
CHIP-0007,john-casco,A very observant person.,89,420,[object Object],[object Object],[object Object],[object Object],[object Object],[object Object],[object Object],[object Object],[object Object]
CHIP-0007,agha-uwa,A woman of high social class.,90,420,[object Object],[object Object],[object Object],[object Object],[object Object],[object Object],[object Object],[object Object],[object Object]
CHIP-0007,udeme-great,A lady given to adventures.,91,420,[object Object],[object Object],[object Object],[object Object],[object Object],[object Object],[object Object],[object Object],[object Object]
CHIP-0007,femi-tech-bro,A rookie in the tech industry.,92,420,[object Object],[object Object],[object Object],[object Object],[object Object],[object Object],[object Object],[object Object],[object Object]
CHIP-0007,sai-baba,A leader of a third-world country.,93,420,[object Object],[object Object],[object Object],[object Object],[object Object],[object Object],[object Object],[object Object],[object Object]
CHIP-0007,omo-pastor,A devout christian.,94,420,[object Object],[object Object],[object Object],[object Object],[object Object],[object Object],[object Object],[object Object],[object Object]
CHIP-0007,obi-container,A rich South-Easterner.,95,420,[object Object],[object Object],[object Object],[object Object],[object Object],[object Object],[object Object],[object Object],[object Object]
CHIP-0007,erigga-international,Superstar from South-South.,96,420,[object Object],[object Object],[object Object],[object Object],[object Object],[object Object],[object Object],[object Object],[object Object]
CHIP-0007,ayo-web3-bro,Someone with no actual knowledge of basic computer principles.,97,420,[object Object],[object Object],[object Object],[object Object],[object Object],[object Object],[object Object],[object Object],[object Object]
CHIP-0007,phoebe-queen-bee,A self-centred woman.,98,420,[object Object],[object Object],[object Object],[object Object],[object Object],[object Object],[object Object],[object Object],[object Object]
CHIP-0007,rachel-warri-babe,A highly disciplined woman.,99,420,[object Object],[object Object],[object Object],[object Object],[object Object],[object Object],[object Object],[object Object],[object Object]
CHIP-0007,adun-preacher,A religious woman.,100,420,[object Object],[object Object],[object Object],[object Object],[object Object],[object Object],[object Object],[object Object],[object Object]
CHIP-0007,adebola-omo-oba,Adebola loves soft life with her fathers wealth.,101,420,[object Object],[object Object],[object Object],[object Object],[object Object],[object Object],[object Object],[object Object],[object Object]
CHIP-0007,chichi-the-dancer,Chichi loves dancing and party.,102,420,[object Object],[object Object],[object Object],[object Object],[object Object],[object Object],[object Object],[object Object],[object Object]
CHIP-0007,hammed-the-farmer,Hammed owns a farm with his family.,103,420,[object Object],[object Object],[object Object],[object Object],[object Object],[object Object],[object Object],[object Object],[object Object]
CHIP-0007,farida-the-tivlady,Farida is a beautiful Tiv woman.,104,420,[object Object],[object Object],[object Object],[object Object],[object Object],[object Object],[object Object],[object Object],[object Object]
CHIP-0007,hannah-the-singer,Hannah loves singing and belongs to choir.,105,420,[object Object],[object Object],[object Object],[object Object],[object Object],[object Object],[object Object],[object Object],[object Object]
CHIP-0007,nonso-the-igbogirl,Nonso is a hardworking Igbo girl.,106,420,[object Object],[object Object],[object Object],[object Object],[object Object],[object Object],[object Object],[object Object],[object Object]
CHIP-0007,shade-olori,Shade loves soft life and makeup.,107,420,[object Object],[object Object],[object Object],[object Object],[object Object],[object Object],[object Object],[object Object],[object Object]
CHIP-0007,quadri-the-teacher,Quadri is a devoted teacher that teaches mathematics.,108,420,[object Object],[object Object],[object Object],[object Object],[object Object],[object Object],[object Object],[object Object],[object Object]
CHIP-0007,Ifeanyi-the-dj,Ifeanyi is a music dj that performs at events.,109,420,[object Object],[object Object],[object Object],[object Object],[object Object],[object Object],[object Object],[object Object],[object Object]
CHIP-0007,fayo-the-yorubademon,Fayo is a yoruba demon with excellent communication skills.,110,420,[object Object],[object Object],[object Object],[object Object],[object Object],[object Object],[object Object],[object Object],[object Object]
CHIP-0007,nkechi-the-actress,Nkechi is an international actress that acts in hollywood.,111,420,[object Object],[object Object],[object Object],[object Object],[object Object],[object Object],[object Object],[object Object],[object Object]
CHIP-0007,hamzat-the-mallam,Hamsat is a mallam doing burea de change for a living.,112,420,[object Object],[object Object],[object Object],[object Object],[object Object],[object Object],[object Object],[object Object],[object Object]
CHIP-0007,nnena-pretty-girl,Nnena is beautiful girl that loves to talk about her beauty.,113,420,[object Object],[object Object],[object Object],[object Object],[object Object],[object Object],[object Object],[object Object],[object Object]
CHIP-0007,tunde-the-boss,Tunde is a boss that loves to take charge at work.,114,420,[object Object],[object Object],[object Object],[object Object],[object Object],[object Object],[object Object],[object Object],[object Object]
CHIP-0007,nnamdi-the-barber,Nnamdi is a barber that devotes time to perfect his craft.,115,420,[object Object],[object Object],[object Object],[object Object],[object Object],[object Object],[object Object],[object Object],[object Object]
CHIP-0007,amaka-the-hypepriestess,Amaka is can never be intimidated no matter the circumstance. ,116,420,[object Object],[object Object],[object Object],[object Object],[object Object],[object Object],[object Object],[object Object],[object Object]
CHIP-0007,kemi-foodie,Kemi loves food and can also prepare good meals. ,117,420,[object Object],[object Object],[object Object],[object Object],[object Object],[object Object],[object Object],[object Object],[object Object]
CHIP-0007,ada-the-fashionister,Ada loves fashion that she rarely repeats cloths.,118,420,[object Object],[object Object],[object Object],[object Object],[object Object],[object Object],[object Object],[object Object],[object Object]
CHIP-0007,kayode-the-baller,Kayode loves life and lives it.,119,420,[object Object],[object Object],[object Object],[object Object],[object Object],[object Object],[object Object],[object Object],[object Object]
CHIP-0007,kola-of-lagos,Kola is the life of the party everywhere he is.,120,420,[object Object],[object Object],[object Object],[object Object],[object Object],[object Object],[object Object],[object Object],[object Object]
CHIP-0007,azikiwe-popular-trader,Azikiwe is a popular trader.,121,420,[object Object],[object Object],[object Object],[object Object],[object Object],[object Object],[object Object],[object Object],[object Object]
CHIP-0007,obasanjo-funny-guy,Obasanjo is such a sweet guy loves by all. ,122,420,[object Object],[object Object],[object Object],[object Object],[object Object],[object Object],[object Object],[object Object],[object Object]
CHIP-0007,yakubu-village-chief,Yakubu is the best village chieftain.,123,420,[object Object],[object Object],[object Object],[object Object],[object Object],[object Object],[object Object],[object Object],[object Object]
CHIP-0007,abacha-loves-smoking,Abacha loves taking cigarettes.,124,420,[object Object],[object Object],[object Object],[object Object],[object Object],[object Object],[object Object],[object Object],[object Object]
CHIP-0007,johnathan-good-leader,Johnathan is very progressive young man.,125,420,[object Object],[object Object],[object Object],[object Object],[object Object],[object Object],[object Object],[object Object],[object Object]
CHIP-0007,johnathan-genz-kid,Johnathan is zealous young man.,126,420,[object Object],[object Object],[object Object],[object Object],[object Object],[object Object],[object Object],[object Object],[object Object]
CHIP-0007,eddy-the-community,Eddy has so much positive energy.,127,420,[object Object],[object Object],[object Object],[object Object],[object Object],[object Object],[object Object],[object Object],[object Object]
CHIP-0007,olu-the-oba,Olu the great ruler in our land.,128,420,[object Object],[object Object],[object Object],[object Object],[object Object],[object Object],[object Object],[object Object],[object Object]
CHIP-0007,edu-the-biggest-trader,Edu is the biggest merchant in west coast.,129,420,[object Object],[object Object],[object Object],[object Object],[object Object],[object Object],[object Object],[object Object],[object Object]
CHIP-0007,james-importer-and-exporter,James is the sole importer and exporter of spare parts.,130,420,[object Object],[object Object],[object Object],[object Object],[object Object],[object Object],[object Object],[object Object],[object Object]
CHIP-0007,lanre-the-dreaded-guy,Lanre has a great reputation.,131,420,[object Object],[object Object],[object Object],[object Object],[object Object],[object Object],[object Object],[object Object],[object Object]
CHIP-0007,olamide-the-street-boy,Olamide has a sweet voice.,132,420,[object Object],[object Object],[object Object],[object Object],[object Object],[object Object],[object Object],[object Object],[object Object]
CHIP-0007,uche-peace-loving-man,Uche man of peace and discipline.,133,420,[object Object],[object Object],[object Object],[object Object],[object Object],[object Object],[object Object],[object Object],[object Object]
CHIP-0007,dave-the-tech-bro,Dave is a web3 enthusiast.,134,420,[object Object],[object Object],[object Object],[object Object],[object Object],[object Object],[object Object],[object Object],[object Object]
CHIP-0007,obi-the-biggest-humanitarian,Obi loves service to humanity.,135,420,[object Object],[object Object],[object Object],[object Object],[object Object],[object Object],[object Object],[object Object],[object Object]
CHIP-0007,precious-the-emotional-girl,Precious is soft hearted and sensitive.,136,420,[object Object],[object Object],[object Object],[object Object],[object Object],[object Object],[object Object],[object Object],[object Object]
CHIP-0007,ella-serious-minded,Ella a dedicated young lady.,137,420,[object Object],[object Object],[object Object],[object Object],[object Object],[object Object],[object Object],[object Object],[object Object]
CHIP-0007,cynthia-cute-eyes,Cynthia with priceless cute eyes.,138,420,[object Object],[object Object],[object Object],[object Object],[object Object],[object Object],[object Object],[object Object],[object Object]
CHIP-0007,mary-with-hair,Mary with her beautiful Afro.,139,420,[object Object],[object Object],[object Object],[object Object],[object Object],[object Object],[object Object],[object Object],[object Object]
CHIP-0007,ada-chewing-bubble-gum,Ada always chewing gum.,140,420,[object Object],[object Object],[object Object],[object Object],[object Object],[object Object],[object Object],[object Object],[object Object]
CHIP-0007,viganem-the-drummer-girl,She is known for typically playing the drum for 5 hours per day without a break.,141,420,[object Object],[object Object],[object Object],[object Object],[object Object],[object Object],[object Object],[object Object],[object Object]
CHIP-0007,lenusuka-the-big-woman,The lady that loves spending money and buying everybody asaobi.,142,420,[object Object],[object Object],[object Object],[object Object],[object Object],[object Object],[object Object],[object Object],[object Object]
CHIP-0007,enepua-the-clout-queen,The lady that travels all day and enjoys snapping food at restaurants.,143,420,[object Object],[object Object],[object Object],[object Object],[object Object],[object Object],[object Object],[object Object],[object Object]
CHIP-0007,usifong-queen-of-mushin,Changes her hair every 2 weeks and cannot finish one pure water.,144,420,[object Object],[object Object],[object Object],[object Object],[object Object],[object Object],[object Object],[object Object],[object Object]
CHIP-0007,akinyim-the-clown,The most interesting christmas clown, known for dancing in prisons and hospitals on christmas eve.,145,420,[object Object],[object Object],[object Object],[object Object],[object Object],[object Object],[object Object],[object Object],[object Object]
CHIP-0007,zawadi-mr-sleep-everywhere,Likes sleeping in the weirdest places especially in clubs.,146,420,[object Object],[object Object],[object Object],[object Object],[object Object],[object Object],[object Object],[object Object],[object Object]
CHIP-0007,chepkirui-mr-self-love,Likes taking care of himself and spending on himself.,147,420,[object Object],[object Object],[object Object],[object Object],[object Object],[object Object],[object Object],[object Object],[object Object]
CHIP-0007,naserian-the-fear-fear-dancer,A timid and dancer who is always afraid of a large crowd of audience and yet his dance moves can raise the dead.,148,420,[object Object],[object Object],[object Object],[object Object],[object Object],[object Object],[object Object],[object Object],[object Object]
CHIP-0007,wawuda-the-ashawo-of-africa,Brags about his body count and follows skirt anywhere.,149,420,[object Object],[object Object],[object Object],[object Object],[object Object],[object Object],[object Object],[object Object],[object Object]
CHIP-0007,kerubo-the-igbo-smoker,Loves only his igbo and is happy when he finds an old blunt.,150,420,[object Object],[object Object],[object Object],[object Object],[object Object],[object Object],[object Object],[object Object]
CHIP-0007,rehema-the-olodo,Failed primary 5 eight times and like playing football after school.,151,420,[object Object],[object Object],[object Object],[object Object],[object Object],[object Object],[object Object],[object Object],[object Object]
CHIP-0007,nekesa-the-brainbox,A proposed elite who cannot write a simple speech.,152,420,[object Object],[object Object],[object Object],[object Object],[object Object],[object Object],[object Object],[object Object],[object Object]
CHIP-0007,kiokoli-the-slowrunner,Always running in every race but never making it to the first 5.,153,420,[object Object],[object Object],[object Object],[object Object],[object Object],[object Object],[object Object],[object Object],[object Object]
CHIP-0007,adjuani-uncle-wire-wire,Mugu money spender that loves spending on women extravagantly.,154,420,[object Object],[object Object],[object Object],[object Object],[object Object],[object Object],[object Object],[object Object],[object Object]
CHIP-0007,ajobaru-a-creative-artist,A lovely artist who is known for creating magical art pieces that can spark a smile.,155,420,[object Object],[object Object],[object Object],[object Object],[object Object],[object Object],[object Object],[object Object],[object Object]
CHIP-0007,effiadem-the-fireman,A retired military general who always loves shooting at sight.,156,420,[object Object],[object Object],[object Object],[object Object],[object Object],[object Object],[object Object],[object Object],[object Object]
CHIP-0007,deladem-the-commandoo,The nerd who has watched all war movies but cannot fight a kid.,157,420,[object Object],[object Object],[object Object],[object Object],[object Object],[object Object],[object Object],[object Object],[object Object]
CHIP-0007,dogbeda-the-monger,A fisherman who pracitically live in the river.,158,420,[object Object],[object Object],[object Object],[object Object],[object Object],[object Object],[object Object],[object Object],[object Object]
CHIP-0007,enyonyam-our-slay-mama,Posts new pictures everyday and can snub for africa.,159,420,[object Object],[object Object],[object Object],[object Object],[object Object],[object Object],[object Object],[object Object],[object Object]
CHIP-0007,lumusi-pro-technician,The electrician well known for wiring burnt buildings.,160,420,[object Object],[object Object],[object Object],[object Object],[object Object],[object Object],[object Object],[object Object],[object Object]
CHIP-0007,funmi-the-fashionist,Funmi enjoys fashion and she always takes opportunity to showcase her wardrobe.,161,420,[object Object],[object Object],[object Object],[object Object],[object Object],[object Object],[object Object],[object Object],[object Object]
CHIP-0007,bola-the-funky,Bola is a funky fellow but she has another personality no one knows.,162,420,[object Object],[object Object],[object Object],[object Object],[object Object],[object Object],[object Object],[object Object],[object Object]
CHIP-0007,bimpe-the-runzgirl,Be careful with Bimpe because she cac be sensitive.,163,420,[object Object],[object Object],[object Object],[object Object],[object Object],[object Object],[object Object],[object Object],[object Object]
CHIP-0007,sola-the-queen,Sola is a princess as she's got the mind of a queen.,164,420,[object Object],[object Object],[object Object],[object Object],[object Object],[object Object],[object Object],[object Object],[object Object]
CHIP-0007,temi-afro-girl,Temi is know for her funny haircut and this time afro is up.,165,420,[object Object],[object Object],[object Object],[object Object],[object Object],[object Object],[object Object],[object Object],[object Object]
CHIP-0007,jonny-the-bravo,Jonny is friendly to all and everybody sees him as kind agile Jonny.,166,420,[object Object],[object Object],[object Object],[object Object],[object Object],[object Object],[object Object],[object Object],[object Object]
CHIP-0007,tunde-the-bigman,Tunde is the big man on the street and flamboyant life style is his identity.,167,420,[object Object],[object Object],[object Object],[object Object],[object Object],[object Object],[object Object],[object Object],[object Object]
CHIP-0007,joe-the-plain,Plain and simple and no one in town is more gentle that broda Joe.,168,420,[object Object],[object Object],[object Object],[object Object],[object Object],[object Object],[object Object],[object Object],[object Object]
CHIP-0007,wale-sharp-guy,Wale no de carry last because he thinks and act fast.,169,420,[object Object],[object Object],[object Object],[object Object],[object Object],[object Object],[object Object],[object Object],[object Object]
CHIP-0007,dele-the-snoozer,If sleeping were to be a job then Dele will be the world busiest man.,170,420,[object Object],[object Object],[object Object],[object Object],[object Object],[object Object],[object Object],[object Object],[object Object]
CHIP-0007,father-of-tolu,Baba Tolu is a proud father. He will sell his soul just to see Tolu excel in life.,171,420,[object Object],[object Object],[object Object],[object Object],[object Object],[object Object],[object Object],[object Object],[object Object]
CHIP-0007,emeka-the-chief,Chief Emeka is the pillar of the community. Just and fair to all. The real mazi.,172,420,[object Object],[object Object],[object Object],[object Object],[object Object],[object Object],[object Object],[object Object],[object Object]
CHIP-0007,lawal-the-drooler,Lawal has only one business which is just to sleep and sleep. it's only normal for him to drool anytime.,173,420,[object Object],[object Object],[object Object],[object Object],[object Object],[object Object],[object Object],[object Object],[object Object]
CHIP-0007,solo-the-messenger,Solo is a multitasker if you need anything done in your home, Solo is your guy.,174,420,[object Object],[object Object],[object Object],[object Object],[object Object],[object Object],[object Object],[object Object],[object Object]
CHIP-0007,femi-the-honorable,Honorable Femi is the modern day politician but everything he does is only to further his political career.,175,420,[object Object],[object Object],[object Object],[object Object],[object Object],[object Object],[object Object],[object Object],[object Object],[object Object]
CHIP-0007,friday-the-bigsboy,Friday always live up to his name. Every Friday is for the party.,176,420,[object Object],[object Object],[object Object],[object Object],[object Object],[object Object],[object Object],[object Object],[object Object],[object Object]
CHIP-0007,kweku-the-planter,Kweku says he did it but he dey plant until he was bursted.,177,420,[object Object],[object Object],[object Object],[object Object],[object Object],[object Object],[object Object],[object Object],[object Object]
CHIP-0007,2pac-the-remix,2pac is alive in him because his style is exactly the same.,178,420,[object Object],[object Object],[object Object],[object Object],[object Object],[object Object],[object Object],[object Object],[object Object]
CHIP-0007,tope-the-influencer,Tope is a famous influencer and she is loved by his followers which keep growing everyday.,179,420,[object Object],[object Object],[object Object],[object Object],[object Object],[object Object],[object Object],[object Object],[object Object]
CHIP-0007,gabby-the-evangelist,Evangelist Gabby is blending gospel with comedy.,180,420,[object Object],[object Object],[object Object],[object Object],[object Object],[object Object],[object Object],[object Object],[object Object]
CHIP-0007,beauty-of-town,She is the most beautiful in the neighbourhood.,181,420,[object Object],[object Object],[object Object],[object Object],[object Object],[object Object],[object Object],[object Object]
CHIP-0007,lola-babe,You will always see her in tight fittted dresses; she loves the exquisite life.,182,420,[object Object],[object Object],[object Object],[object Object],[object Object],[object Object],[object Object],[object Object],[object Object]
CHIP-0007,cardy-h-sharp-babe,Cardy is the sharpest amongst her friends.,183,420,[object Object],[object Object],[object Object],[object Object],[object Object],[object Object],[object Object],[object Object],[object Object]
CHIP-0007,bella-the-baller,Bella earns big; she is always out partying and buying bottles.,184,420,[object Object],[object Object],[object Object],[object Object],[object Object],[object Object],[object Object],[object Object],[object Object]
CHIP-0007,milly-of-roses,She is very attractive but doesn't have a social life.,185,420,[object Object],[object Object],[object Object],[object Object],[object Object],[object Object],[object Object],[object Object],[object Object]
CHIP-0007,preciousjada-the-viper,Her opinions are great but her words sting like viper.,186,420,[object Object],[object Object],[object Object],[object Object],[object Object],[object Object],[object Object],[object Object]
CHIP-0007,lolly-of-ny,Most popular visual artist; alway gets praised for her creativity.,187,420,[object Object],[object Object],[object Object],[object Object],[object Object],[object Object],[object Object],[object Object],[object Object]
CHIP-0007,disy-the-dancer,A dancer that brings the spotlight on her.,188,420,[object Object],[object Object],[object Object],[object Object],[object Object],[object Object],[object Object],[object Object],[object Object]
CHIP-0007,jenny-the-great,Loves burna boy; you will always catch him on his tracks.,189,420,[object Object],[object Object],[object Object],[object Object],[object Object],[object Object],[object Object],[object Object],[object Object]
CHIP-0007,lolly-the-pop,Everywhere she goes she shines like a star.,190,420,[object Object],[object Object],[object Object],[object Object],[object Object],[object Object],[object Object],[object Object],[object Object]
CHIP-0007,disy-the-queen,An introvert that loves her own space.,191,420,[object Object],[object Object],[object Object],[object Object],[object Object],[object Object],[object Object],[object Object],[object Object]
CHIP-0007,jennyp-of-lagos,She knows all the celebrities in lagos but she stays lowkey.,192,420,[object Object],[object Object],[object Object],[object Object],[object Object],[object Object],[object Object],[object Object],[object Object]
CHIP-0007,jada-of-life,She started a night club in lekki and now she is a millionaire.,193,420,[object Object],[object Object],[object Object],[object Object],[object Object],[object Object],[object Object],[object Object],[object Object]
CHIP-0007,sandy-the-rapper,She just loves to rap and Quavo is her super star.,194,420,[object Object],[object Object],[object Object],[object Object],[object Object],[object Object],[object Object],[object Object],[object Object]
CHIP-0007,dahila-the-genius,The genius in the family; she always wins awards.,195,420,[object Object],[object Object],[object Object],[object Object],[object Object],[object Object],[object Object],[object Object],[object Object]
CHIP-0007,rosemary-of-yaba,She is always travellling to cotonou to buy clothes for her store.,196,420,[object Object],[object Object],[object Object],[object Object],[object Object],[object Object],[object Object],[object Object],[object Object]
CHIP-0007,jennifer-of-island,She loves travelling; she is in maldives this year.,197,420,[object Object],[object Object],[object Object],[object Object],[object Object],[object Object],[object Object],[object Object],[object Object]
CHIP-0007,opeyemi-of-lekki,She is a lekki socialite; braids her hairfor 85k.,198,420,[object Object],[object Object],[object Object],[object Object],[object Object],[object Object],[object Object],[object Object],[object Object]
CHIP-0007,vicky-the-artist,An artist; she brings drawings to life.,199,420,[object Object],[object Object],[object Object],[object Object],[object Object],[object Object],[object Object],[object Object],[object Object]
CHIP-0007,afrogirl-sailor,She loves water and sails the ocean yearly.,200,420,[object Object],[object Object],[object Object],[object Object],[object Object],[object Object],[object Object],[object Object],[object Object]
CHIP-0007,ahmed-the-merchant,A rich merchant that sells in babylon.,201,420,[object Object],[object Object],[object Object],[object Object],[object Object],[object Object],[object Object],[object Object],[object Object]
CHIP-0007,blind-tonia,A girl that lost one of her eyes in a street fight.,202,420,[object Object],[object Object],[object Object],[object Object],[object Object],[object Object],[object Object],[object Object],[object Object]
CHIP-0007,buffy-the-vampire,A vampire diary protagonist that got bitten by a vampire in real life.,203,420,[object Object],[object Object],[object Object],[object Object],[object Object],[object Object],[object Object],[object Object],[object Object]
CHIP-0007,caro-lipstick,A girl that puts on lipstick always, even to bed.,204,420,[object Object],[object Object],[object Object],[object Object],[object Object],[object Object],[object Object],[object Object],[object Object]
CHIP-0007,charity-the-maid,A maid that works for the fun of it.,205,420,[object Object],[object Object],[object Object],[object Object],[object Object],[object Object],[object Object],[object Object],[object Object]
CHIP-0007,charity-with-fakehair,A girl with a bald hair but always wears wig to cover her head.,206,420,[object Object],[object Object],[object Object],[object Object],[object Object],[object Object],[object Object],[object Object],[object Object]
CHIP-0007,daniel-the-hustler,A boy that lives in the streets of Lagos hustling everyday to make ends meet.,207,420,[object Object],[object Object],[object Object],[object Object],[object Object],[object Object],[object Object],[object Object],[object Object]
CHIP-0007,grandma-nanny,A grandmother that does nothing but sleeps all day.,208,420,[object Object],[object Object],[object Object],[object Object],[object Object],[object Object],[object Object],[object Object],[object Object]
CHIP-0007,granpa-willy,A grandfather that drinks beer and reads newspaper all day.,209,420,[object Object],[object Object],[object Object],[object Object],[object Object],[object Object],[object Object],[object Object],[object Object]
CHIP-0007,joshua-gang-leader,A boy born to ritualist parents and now runs his own gang.,210,420,[object Object],[object Object],[object Object],[object Object],[object Object],[object Object],[object Object],[object Object],[object Object]
CHIP-0007,karashika-queen,A woman of the underworld that influences rich men into giving up their money.,211,420,[object Object],[object Object],[object Object],[object Object],[object Object],[object Object],[object Object],[object Object],[object Object]
CHIP-0007,king-of-baldmen,A man that was born bald and has never seen a hair on his head.,212,420,[object Object],[object Object],[object Object],[object Object],[object Object],[object Object],[object Object],[object Object],[object Object]
CHIP-0007,musa-masked-mouth,Musa uses a tape to cover his mouth to prevent him from talking too much.,213,420,[object Object],[object Object],[object Object],[object Object],[object Object],[object Object],[object Object],[object Object],[object Object]
CHIP-0007,queen-of-smokers,A chronic smoker looking for a spouse that will join her to die of smoking.,214,420,[object Object],[object Object],[object Object],[object Object],[object Object],[object Object],[object Object],[object Object],[object Object]
CHIP-0007,redlips-man,A man that kissed a woman and got his lips burnt.,215,420,[object Object],[object Object],[object Object],[object Object],[object Object],[object Object],[object Object],[object Object],[object Object]
CHIP-0007,sleevless-maid,A girl that nevers wears long cloths and gets herself thrown out of churches for indecent dressing.,216,420,[object Object],[object Object],[object Object],[object Object],[object Object],[object Object],[object Object],[object Object],[object Object]
CHIP-0007,stephen-bluecap,Stephen always wears blue cap even to the church.,217,420,[object Object],[object Object],[object Object],[object Object],[object Object],[object Object],[object Object],[object Object],[object Object]
CHIP-0007,tinubu-gateman,Tinubu has been a gateman all his life.,218,420,[object Object],[object Object],[object Object],[object Object],[object Object],[object Object],[object Object],[object Object],[object Object]
CHIP-0007,vampire-girl,She dresses up as a vampire every haloween.,219,420,[object Object],[object Object],[object Object],[object Object],[object Object],[object Object],[object Object],[object Object],[object Object]
CHIP-0007,yusuf-the-smoker,A chronic smoker with damaged lungs.,220,420,[object Object],[object Object],[object Object],[object Object],[object Object],[object Object],[object Object],[object Object],[object Object]
CHIP-0007,lola-hng-newbie,A confused hng participant that cannot understand her project.,221,420,[object Object],[object Object],[object Object],[object Object],[object Object],[object Object],[object Object],[object Object],[object Object]
CHIP-0007,nene-caroline,A housewife that loves taking care of her family.,222,420,[object Object],[object Object],[object Object],[object Object],[object Object],[object Object],[object Object],[object Object],[object Object]
CHIP-0007,wazo-partystopper,A Nigerian aunty that loves to attend owambe parties.,223,420,[object Object],[object Object],[object Object],[object Object],[object Object],[object Object],[object Object],[object Object],[object Object]
CHIP-0007,melanin-janet,A young lady with a soft personality.,224,420,[object Object],[object Object],[object Object],[object Object],[object Object],[object Object],[object Object],[object Object],[object Object]
CHIP-0007,leo-sugarmummy,A middle age wild yankee returnee.,225,420,[object Object],[object Object],[object Object],[object Object],[object Object],[object Object],[object Object],[object Object],[object Object]
CHIP-0007,novice-joane,A princess worried about finding true love.,226,420,[object Object],[object Object],[object Object],[object Object],[object Object],[object Object],[object Object],[object Object],[object Object]
CHIP-0007,goofy-simbi,An eccentric teenager that loves music.,227,420,[object Object],[object Object],[object Object],[object Object],[object Object],[object Object],[object Object],[object Object],[object Object]
CHIP-0007,akwaaba-ghana,A depressed gothic introvert.,228,420,[object Object],[object Object],[object Object],[object Object],[object Object],[object Object],[object Object],[object Object],[object Object]
CHIP-0007,aunty-toyin,An oversabi family member.,229,420,[object Object],[object Object],[object Object],[object Object],[object Object],[object Object],[object Object],[object Object],[object Object]
CHIP-0007,pretty-hauwa,A young bride involved in an early marriage.,230,420,[object Object],[object Object],[object Object],[object Object],[object Object],[object Object],[object Object],[object Object],[object Object]
CHIP-0007,chimamanda-enugu,A young lady born during the war.,231,420,[object Object],[object Object],[object Object],[object Object],[object Object],[object Object],[object Object],[object Object],[object Object]
CHIP-0007,kente-solape,A respectful and diligent princess.,232,420,[object Object],[object Object],[object Object],[object Object],[object Object],[object Object],[object Object],[object Object],[object Object]
CHIP-0007,vamp-karishika,Queen of the royal Ghana youths,233,420,[object Object],[object Object],[object Object],[object Object],[object Object],[object Object],[object Object],[object Object],[object Object]
CHIP-0007,genz-monique,A sassy lady with her own vibe.,234,420,[object Object],[object Object],[object Object],[object Object],[object Object],[object Object],[object Object],[object Object],[object Object]
CHIP-0007,femi-boltz,A driver hustling his way through life.,235,420,[object Object],[object Object],[object Object],[object Object],[object Object],[object Object],[object Object],[object Object],[object Object]
CHIP-0007,agba-tech,A tech bro that loves to party but has bad communication skill.,236,420,[object Object],[object Object],[object Object],[object Object],[object Object],[object Object],[object Object],[object Object],[object Object]
CHIP-0007,brian-richkid,A trust fund baby that does not know how to manage money.,237,420,[object Object],[object Object],[object Object],[object Object],[object Object],[object Object],[object Object],[object Object],[object Object]
CHIP-0007,nandi-zulu,A fierce African Queen.,238,420,[object Object],[object Object],[object Object],[object Object],[object Object],[object Object],[object Object],[object Object],[object Object]
CHIP-0007,ade-demon,A Lekki playboy that makes money from crypto.,239,420,[object Object],[object Object],[object Object],[object Object],[object Object],[object Object],[object Object],[object Object],[object Object]
CHIP-0007,karim-rapper,A young and proud Lagos rapper.,240,420,[object Object],[object Object],[object Object],[object Object],[object Object],[object Object],[object Object],[object Object],[object Object]
CHIP-0007,bobo-alinco,Alinco always in the mood for play.,241,420,[object Object],[object Object],[object Object],[object Object],[object Object],[object Object],[object Object],[object Object],[object Object]
CHIP-0007,chi-lastborn,Baby of the house; the lastborn of an average Nigerian family.,242,420,[object Object],[object Object],[object Object],[object Object],[object Object],[object Object],[object Object],[object Object],[object Object]
CHIP-0007,uju-robo-robo,An aso-oke business woman at Balogun market.,243,420,[object Object],[object Object],[object Object],[object Object],[object Object],[object Object],[object Object],[object Object],[object Object]
CHIP-0007,yetunde-anifowose,Old money lady who was in UK before UK was UK.,244,420,[object Object],[object Object],[object Object],[object Object],[object Object],[object Object],[object Object],[object Object],[object Object]
CHIP-0007,dumebi-jjc,Newly admitted to the university; looking for freedom from her parents.,245,420,[object Object],[object Object],[object Object],[object Object],[object Object],[object Object],[object Object],[object Object],[object Object]
CHIP-0007,ukwu-nengi,Well endowed woman who will always make heads turn.,246,420,[object Object],[object Object],[object Object],[object Object],[object Object],[object Object],[object Object],[object Object],[object Object]
CHIP-0007,nonso-malay,Nonso Malay is an enterprising man who made his fortune after he travelled abroad.,247,420,[object Object],[object Object],[object Object],[object Object],[object Object],[object Object],[object Object],[object Object],[object Object]
CHIP-0007,saro-texaco,An oil tycoon who dominates.,248,420,[object Object],[object Object],[object Object],[object Object],[object Object],[object Object],[object Object],[object Object],[object Object]
CHIP-0007,akpos-agbero,A Warri boy always in the mood for violence.,249,420,[object Object],[object Object],[object Object],[object Object],[object Object],[object Object],[object Object],[object Object],[object Object]
CHIP-0007,kasali-danfo,A danfo driver popular for his positive outlook of life.,250,420,[object Object],[object Object],[object Object],[object Object],[object Object],[object Object],[object Object],[object Object],[object Object]
CHIP-0007,osaz-benz,Osaz benz is an Edo born car dealer who buys only Mercedes Benz cars for his clients.,251,420,[object Object],[object Object],[object Object],[object Object],[object Object],[object Object],[object Object],[object Object],[object Object]
CHIP-0007,kareem-kasanova,Abuja big boy; he has sweet mouth for wooing ladies.,252,420,[object Object],[object Object],[object Object],[object Object],[object Object],[object Object],[object Object],[object Object],[object Object]
CHIP-0007,mayor-of-uyo,Essien is a top Lagos businessman who hails from Uyo.,253,420,[object Object],[object Object],[object Object],[object Object],[object Object],[object Object],[object Object],[object Object],[object Object]
CHIP-0007,chinedu-china,An Nnewi blooded spareparts importer and exporter with goods from china.,254,420,[object Object],[object Object],[object Object],[object Object],[object Object],[object Object],[object Object],[object Object],[object Object]
CHIP-0007,papa-ekene,The oldest man of the Akwauzu clan.,255,420,[object Object],[object Object],[object Object],[object Object],[object Object],[object Object],[object Object],[object Object],[object Object]
CHIP-0007,ogbeni-rauf,Minister of enjoyment for Freedom state.,256,420,[object Object],[object Object],[object Object],[object Object],[object Object],[object Object],[object Object],[object Object],[object Object]
CHIP-0007,koffi-banku,He loves food so much and doesnt joke with his meal time.,257,420,[object Object],[object Object],[object Object],[object Object],[object Object],[object Object],[object Object],[object Object],[object Object]
CHIP-0007,alhaji-bello,Rich Hausa business mongul controlling half of cow production in Nigeria.,258,420,[object Object],[object Object],[object Object],[object Object],[object Object],[object Object],[object Object],[object Object],[object Object]
CHIP-0007,toju-mafejopami,Toju is a street hustler does not like stress.,259,420,[object Object],[object Object],[object Object],[object Object],[object Object],[object Object],[object Object],[object Object],[object Object]
CHIP-0007,femi-maserati,Rich kid who resides in lekki; known by everybody because he drives a maserati.,260,420,[object Object],[object Object],[object Object],[object Object],[object Object],[object Object],[object Object],[object Object],[object Object]
CHIP-0007,paul-the-comedian,Paul is a funny man; he always makes great jokes at parties.,261,420,[object Object],[object Object],[object Object],[object Object],[object Object],[object Object],[object Object],[object Object]
CHIP-0007,amina-lagos-housewife,Amina is always showing the rich housewife vibes.,262,420,[object Object],[object Object],[object Object],[object Object],[object Object],[object Object],[object Object],[object Object],[object Object]
CHIP-0007,kiekie-the-asoebibella,Kiekie is classfied as the life of the party.,263,420,[object Object],[object Object],[object Object],[object Object],[object Object],[object Object],[object Object],[object Object],[object Object]
CHIP-0007,kunle-the-hunter,Kunle goes for the best and hits all his targets at bull's eye.,264,420,[object Object],[object Object],[object Object],[object Object],[object Object],[object Object],[object Object],[object Object],[object Object]
CHIP-0007,amara-the-hairstylist,Amara is truly your one stop shop for all your hair & beauty needs.,265,420,[object Object],[object Object],[object Object],[object Object],[object Object],[object Object],[object Object],[object Object],[object Object]
CHIP-0007,mary-nail-technician,Mary makes magic with her press-on nails.,266,420,[object Object],[object Object],[object Object],[object Object],[object Object],[object Object],[object Object],[object Object],[object Object]
CHIP-0007,odogwu-oil-contractor,From malaysia to kaduna, odogwu's oil is known.,267,420,[object Object],[object Object],[object Object],[object Object],[object Object],[object Object],[object Object],[object Object],[object Object]
CHIP-0007,simisola-the-kenteprincess,Simisola rocks kente even in swim outfits.,268,420,[object Object],[object Object],[object Object],[object Object],[object Object],[object Object],[object Object],[object Object],[object Object]
CHIP-0007,mariam-beauty-queen,Beauty is a fairy tale where mariam appears.,269,420,[object Object],[object Object],[object Object],[object Object],[object Object],[object Object],[object Object],[object Object],[object Object]
CHIP-0007,obinna-the-musician,Obinna might never be an a-list artist.,270,420,[object Object],[object Object],[object Object],[object Object],[object Object],[object Object],[object Object],[object Object],[object Object]
CHIP-0007,sandra-the-shybaby,Sandra is a shy woman even at parties.,271,420,[object Object],[object Object],[object Object],[object Object],[object Object],[object Object],[object Object],[object Object],[object Object]
CHIP-0007,chiamaka-the-dancer,Chiamaka dances so well and earned the guinness world record.,272,420,[object Object],[object Object],[object Object],[object Object],[object Object],[object Object],[object Object],[object Object],[object Object]
CHIP-0007,mensah-fashion-icon,Mensah outfits are always giving us christopher hemsworth vibes.,273,420,[object Object],[object Object],[object Object],[object Object],[object Object],[object Object],[object Object],[object Object],[object Object]
CHIP-0007,lucy-the-fumigator,Lucy is nicknamed the pest exterminator.,274,420,[object Object],[object Object],[object Object],[object Object],[object Object],[object Object],[object Object],[object Object],[object Object]
CHIP-0007,nneka-wedding-planner,Nneka plans the best weddings with great details.,275,420,[object Object],[object Object],[object Object],[object Object],[object Object],[object Object],[object Object],[object Object],[object Object]
CHIP-0007,shakira-the-gangster,Shakira is the most feared criminal.,276,420,[object Object],[object Object],[object Object],[object Object],[object Object],[object Object],[object Object],[object Object],[object Object]
CHIP-0007,lola-afropopping-princess,Lola loves to lick lollipops like; she is everyones afropop queen.,277,420,[object Object],[object Object],[object Object],[object Object],[object Object],[object Object],[object Object],[object Object],[object Object]
CHIP-0007,sharon-walking-dead,sharon cannot work under pressure; she is a soft babe.,278,420,[object Object],[object Object],[object Object],[object Object],[object Object],[object Object],[object Object],[object Object],[object Object]
CHIP-0007,olivia-great-teacher,Students enjoys olivia's classes.,279,420,[object Object],[object Object],[object Object],[object Object],[object Object],[object Object],[object Object],[object Object],[object Object]
CHIP-0007,nicole-sleep-warrior,Nicole holds the sleep award in our community, she wouldn't wake up at the sound of a detonated nuclear bomb.,280,420,[object Object],[object Object],[object Object],[object Object],[object Object],[object Object],[object Object],[object Object],[object Object]
CHIP-0007,busola-the-shakara,She is a fashion icon that loves luxurious items.,281,420,[object Object],[object Object],[object Object],[object Object],[object Object],[object Object],[object Object],[object Object],[object Object]
CHIP-0007,bella-the-artist,A lady that host a fashion week show,282,420,[object Object],[object Object],[object Object],[object Object],[object Object],[object Object],[object Object],[object Object],[object Object]
CHIP-0007,queen-the-extrovert,A woman who enjoys being high all the time,283,420,[object Object],[object Object],[object Object],[object Object],[object Object],[object Object],[object Object],[object Object],[object Object]
CHIP-0007,mary-toxic-lady,A lady who is toxic around people,284,420,[object Object],[object Object],[object Object],[object Object],[object Object],[object Object],[object Object],[object Object],[object Object]
CHIP-0007,elizabeth-the-richkid,A university undergraduate from a rich background,285,420,[object Object],[object Object],[object Object],[object Object],[object Object],[object Object],[object Object],[object Object],[object Object]
CHIP-0007,larry-the-westerner,A Yoruba Man who smokes his pipe in peace,286,420,[object Object],[object Object],[object Object],[object Object],[object Object],[object Object],[object Object],[object Object],[object Object]
CHIP-0007,danjuma-the-shocked,A pensioneer who got told his bank is on distress,287,420,[object Object],[object Object],[object Object],[object Object],[object Object],[object Object],[object Object],[object Object],[object Object]
CHIP-0007,yomi-the-fashionista,Winner of the Lagos GT Bank fashion week.,288,420,[object Object],[object Object],[object Object],[object Object],[object Object],[object Object],[object Object],[object Object],[object Object]
CHIP-0007,ibu-the-importer,A rich man who steps on people's toes,289,420,[object Object],[object Object],[object Object],[object Object],[object Object],[object Object],[object Object],[object Object],[object Object]
CHIP-0007,massa-the-ghanian,A rich trader who loves giving back to the community,290,420,[object Object],[object Object],[object Object],[object Object],[object Object],[object Object],[object Object],[object Object],[object Object]
CHIP-0007,james-the-musician,A Nigerian based musician who host shows,291,420,[object Object],[object Object],[object Object],[object Object],[object Object],[object Object],[object Object],[object Object],[object Object]
CHIP-0007,gbenga-titled-man,A chief who is very ambitious in his pursuits for fame,292,420,[object Object],[object Object],[object Object],[object Object],[object Object],[object Object],[object Object],[object Object],[object Object]
CHIP-0007,abaga-the-rapper,A flashy millionaire and a music rapper,293,420,[object Object],[object Object],[object Object],[object Object],[object Object],[object Object],[object Object],[object Object],[object Object]
CHIP-0007,izuchukwu-the-fisherman,A fisherman who knows how to paddle well,294,420,[object Object],[object Object],[object Object],[object Object],[object Object],[object Object],[object Object],[object Object],[object Object]
CHIP-0007,mark-the-philanthropist,A London based philantropist.,295,420,[object Object],[object Object],[object Object],[object Object],[object Object],[object Object],[object Object],[object Object],[object Object]
CHIP-0007,desmond-the-politician,A young politician who just became a minister,296,420,[object Object],[object Object],[object Object],[object Object],[object Object],[object Object],[object Object],[object Object],[object Object]
CHIP-0007,okoro-the-bachelor,A local palm wine tapper with hopes and dreams,297,420,[object Object],[object Object],[object Object],[object Object],[object Object],[object Object],[object Object],[object Object],[object Object]
CHIP-0007,saro-the-clothemaker,The yoruba man that stole the king's wife.,298,420,[object Object],[object Object],[object Object],[object Object],[object Object],[object Object],[object Object],[object Object],[object Object]
CHIP-0007,kalu-the-ichie,A man of wealth with afluence spreading all over the east,299,420,[object Object],[object Object],[object Object],[object Object],[object Object],[object Object],[object Object],[object Object],[object Object]
CHIP-0007,tamuno-the-prince,An Ijaw prince who is also the heir to the throne,300,420,[object Object],[object Object],[object Object],[object Object],[object Object],[object Object],[object Object],[object Object],[object Object]
CHIP-0007,wendy-the-banker,Wendy loves working in the bank, as she gets to meet different people.,301,420,[object Object],[object Object],[object Object],[object Object],[object Object],[object Object],[object Object],[object Object],[object Object]
CHIP-0007,uduak-the-darkhorse,Uduak looks innocent and has the whole apartment bugged,302,420,[object Object],[object Object],[object Object],[object Object],[object Object],[object Object],[object Object],[object Object],[object Object]
CHIP-0007,timeyin-the-eccentic,Timeyin is as eccentric as they come with no care for others opinions,303,420,[object Object],[object Object],[object Object],[object Object],[object Object],[object Object],[object Object],[object Object],[object Object]
CHIP-0007,omawunmi-the-businesswoman,Omawunmi is a no-nonsense woman with a shop in idumota,304,420,[object Object],[object Object],[object Object],[object Object],[object Object],[object Object],[object Object],[object Object],[object Object]
CHIP-0007,halima-the-housewife,Halima loves to bake and cook for her children,305,420,[object Object],[object Object],[object Object],[object Object],[object Object],[object Object],[object Object],[object Object],[object Object]
CHIP-0007,muna-the-blocksister,Muna loves to tell everyone in the block about her younger escapades,306,420,[object Object],[object Object],[object Object],[object Object],[object Object],[object Object],[object Object],[object Object],[object Object]
CHIP-0007,stella-the-gossip,Nobody gossips on the block like stella when smoking.,307,420,[object Object],[object Object],[object Object],[object Object],[object Object],[object Object],[object Object],[object Object],[object Object]
CHIP-0007,agbani-the-wannabe,Agbani loves to shop antique decorations for her mansion in Idi-Iroko.,308,420,[object Object],[object Object],[object Object],[object Object],[object Object],[object Object],[object Object],[object Object],[object Object]
CHIP-0007,asante-the-warrior,Asante came from a long line of warriors in Ghana.,309,420,[object Object],[object Object],[object Object],[object Object],[object Object],[object Object],[object Object],[object Object],[object Object]
CHIP-0007,hilda-the-insomaniac,Hilda prefers to sleep during the day.,310,420,[object Object],[object Object],[object Object],[object Object],[object Object],[object Object],[object Object],[object Object],[object Object]
CHIP-0007,sisiyemi-the-streetaunty,Sisi Yemi is everyone's favourite street aunty.,311,420,[object Object],[object Object],[object Object],[object Object],[object Object],[object Object],[object Object],[object Object],[object Object]
CHIP-0007,chiamaka-the-bully,Chiamaka hates people in her business and likes to scare the kids on the block.,312,420,[object Object],[object Object],[object Object],[object Object],[object Object],[object Object],[object Object],[object Object],[object Object]
CHIP-0007,gift-the-fashionista,Gift has always been bold and that spreads to her fashion sense too.,313,420,[object Object],[object Object],[object Object],[object Object],[object Object],[object Object],[object Object],[object Object],[object Object]
CHIP-0007,omoyene-the-weirdo,Omoyene likes to murmur to herself and talks about seeing ghosts.,314,420,[object Object],[object Object],[object Object],[object Object],[object Object],[object Object],[object Object],[object Object],[object Object]
CHIP-0007,maria-the-freshface,Maria likes to believe the world is sunshine and rainbows while blowing gum.,315,420,[object Object],[object Object],[object Object],[object Object],[object Object],[object Object],[object Object],[object Object],[object Object]
CHIP-0007,monica-the-smoker,Monica is never found without a pipe and loves to interject in every conversation.,316,420,[object Object],[object Object],[object Object],[object Object],[object Object],[object Object],[object Object],[object Object],[object Object]
CHIP-0007,janet-is-always-found-singing ,Janet is always found singing in whatever activity shes doing.,317,420,[object Object],[object Object],[object Object],[object Object],[object Object],[object Object],[object Object],[object Object],[object Object]
CHIP-0007,emi-the-reggae-girl,EMi is a beautiful dancer; she rules the reggae world.,318,420,[object Object],[object Object],[object Object],[object Object],[object Object],[object Object],[object Object],[object Object],[object Object]
CHIP-0007,aisha-love-the-life-of-the-party,Aisha always party during the weekend.,319,420,[object Object],[object Object],[object Object],[object Object],[object Object],[object Object],[object Object],[object Object],[object Object]
CHIP-0007,amaka-the-tailor,She sews the most beautiful dress in the hood.,320,420,[object Object],[object Object],[object Object],[object Object],[object Object],[object Object],[object Object],[object Object],[object Object]
CHIP-0007,omunyinyi-the-stoic,Omunyinyi wears a Kitenge coat.,321,420,[object Object],[object Object],[object Object],[object Object],[object Object],[object Object],[object Object],[object Object],[object Object]
CHIP-0007,kamau-the-sleeper,Kamau has his eyes closed as he meditates.,322,420,[object Object],[object Object],[object Object],[object Object],[object Object],[object Object],[object Object],[object Object],[object Object]
CHIP-0007,mutiso-the-lastborn,Mutiso is masked up but dozes off while waiting for food. ,323,420,[object Object],[object Object],[object Object],[object Object],[object Object],[object Object],[object Object],[object Object],[object Object]
CHIP-0007,omondi-the-vegeterian,Omondi wears a green coat with lots of patterns. ,324,420,[object Object],[object Object],[object Object],[object Object],[object Object],[object Object],[object Object],[object Object],[object Object]
CHIP-0007,barasa-the-optimist,Barasa looks up to the sky and makes a wish.,325,420,[object Object],[object Object],[object Object],[object Object],[object Object],[object Object],[object Object],[object Object],[object Object]
CHIP-0007,mwembu-the-elder,Mwembu is old but not so old and yellow is his favorite color.,326,420,[object Object],[object Object],[object Object],[object Object],[object Object],[object Object],[object Object],[object Object],[object Object]
CHIP-0007,mbogi-the-fighter,Mbogi is captured and forced to wear a mask. ,327,420,[object Object],[object Object],[object Object],[object Object],[object Object],[object Object],[object Object],[object Object],[object Object]
CHIP-0007,mrosho-the-runner,Mrosho has his mask on and yet still runs his race. ,328,420,[object Object],[object Object],[object Object],[object Object],[object Object],[object Object],[object Object],[object Object],[object Object]
CHIP-0007,milele-the-african,Milele wears a dress with a nice african print in orange.,329,420,[object Object],[object Object],[object Object],[object Object],[object Object],[object Object],[object Object],[object Object],[object Object]
CHIP-0007,olebon-the-oloibon,Olebon is in a customized buba sokoto.,330,420,[object Object],[object Object],[object Object],[object Object],[object Object],[object Object],[object Object],[object Object],[object Object]
CHIP-0007,chifu-the-maasai,Maasai shuka keeps bringing inspiration for new clothings. ,331,420,[object Object],[object Object],[object Object],[object Object],[object Object],[object Object],[object Object],[object Object],[object Object]
CHIP-0007,mwangaa-the-voice,Mwangaa the chief is controlling but still loved as he has a calming voice.,332,420,[object Object],[object Object],[object Object],[object Object],[object Object],[object Object],[object Object],[object Object],[object Object]
CHIP-0007,waforte-the-first,Waforte loves to sleep and does nothing else.,333,420,[object Object],[object Object],[object Object],[object Object],[object Object],[object Object],[object Object],[object Object],[object Object]
CHIP-0007,kariuki-the-prayerful-one,Kariuki closes his eyes as he watches the sunset.,334,420,[object Object],[object Object],[object Object],[object Object],[object Object],[object Object],[object Object],[object Object],[object Object]
CHIP-0007,kenyanese-the-priest,Kenyaanese is a masked up man with a white cloth as his signature attire. ,335,420,[object Object],[object Object],[object Object],[object Object],[object Object],[object Object],[object Object],[object Object],[object Object]
CHIP-0007,nyimbo-the-singer,Nimbo has his glasses on and a pot with hot porridge for the night,336,420,[object Object],[object Object],[object Object],[object Object],[object Object],[object Object],[object Object],[object Object],[object Object]
CHIP-0007,maathai-the-nobel-winner,Mathaai the warrior is revered all over the land. ,337,420,[object Object],[object Object],[object Object],[object Object],[object Object],[object Object],[object Object],[object Object],[object Object]
CHIP-0007,tish-the-angry-one,Tish is always angry and with specs on he looks really mean. ,338,420,[object Object],[object Object],[object Object],[object Object],[object Object],[object Object],[object Object],[object Object],[object Object]
CHIP-0007,wamenza-the-winner,Wamenza the leader has led his team to yet another thrillig victory. ,339,420,[object Object],[object Object],[object Object],[object Object],[object Object],[object Object],[object Object],[object Object],[object Object]
CHIP-0007,isaya-the-track-king,Isaya the traveller has done a lot of travelling round Africa. ,340,420,[object Object],[object Object],[object Object],[object Object],[object Object],[object Object],[object Object],[object Object],[object Object]
CHIP-0007,mansur-the-partyrider,Mansur is the life of a party and never caught dulling.,341,420,[object Object],[object Object],[object Object],[object Object],[object Object],[object Object],[object Object],[object Object],[object Object]
CHIP-0007,tola-the-businessman,Tola loves business and owns several shops in Idumota.,342,420,[object Object],[object Object],[object Object],[object Object],[object Object],[object Object],[object Object],[object Object],[object Object]
CHIP-0007,abdullahi-the-honorable,Popularly called "buje budanu" a godfather who lavishes money on young gees.,343,420,[object Object],[object Object],[object Object],[object Object],[object Object],[object Object],[object Object],[object Object],[object Object]
CHIP-0007,ojukwu-the-badguy,Ojukwu is a business minded guy but fun to be with.,344,420,[object Object],[object Object],[object Object],[object Object],[object Object],[object Object],[object Object],[object Object],[object Object]
CHIP-0007,odunsi-the-egbonadugbo,Odunsi loves to advise and people in the community rely on him.,345,420,[object Object],[object Object],[object Object],[object Object],[object Object],[object Object],[object Object],[object Object],[object Object]
CHIP-0007,ogogo-the-sugardaddy,A rich oil magnate who loves to solve young women's problems with his millions.,346,420,[object Object],[object Object],[object Object],[object Object],[object Object],[object Object],[object Object],[object Object],[object Object]
CHIP-0007,suli-the-amalaseller,Suli sells amala with respect and people say that's the secret to her sweet food.,347,420,[object Object],[object Object],[object Object],[object Object],[object Object],[object Object],[object Object],[object Object],[object Object]
CHIP-0007,dolapo-the-afrocentric,Dolapo loves African prints and loves to showcase culture.,348,420,[object Object],[object Object],[object Object],[object Object],[object Object],[object Object],[object Object],[object Object],[object Object]
CHIP-0007,danjuma-the-saddist,Danjuma is a grumpy man no one likes to associate with him.,349,420,[object Object],[object Object],[object Object],[object Object],[object Object],[object Object],[object Object],[object Object],[object Object]
CHIP-0007,chinedu-the-farmer,A hardworking farmer who has 6 boys who help out on the farm.,350,420,[object Object],[object Object],[object Object],[object Object],[object Object],[object Object],[object Object],[object Object],[object Object]
CHIP-0007,kola-the-baldguy,Kola is every girls dream man because of his hair style.,351,420,[object Object],[object Object],[object Object],[object Object],[object Object],[object Object],[object Object],[object Object],[object Object]
CHIP-0007,bola-the-bosslady,A lady who supports the boy child by providing scholarship to young talented males.,352,420,[object Object],[object Object],[object Object],[object Object],[object Object],[object Object],[object Object],[object Object],[object Object]
CHIP-0007,kunle-the-tailor,Kunle is special and easily get noticed even in the midst of crowd.,353,420,[object Object],[object Object],[object Object],[object Object],[object Object],[object Object],[object Object],[object Object],[object Object]
CHIP-0007,segun-the-sharp,Segun drives with caution and people love him for that.,354,420,[object Object],[object Object],[object Object],[object Object],[object Object],[object Object],[object Object],[object Object],[object Object]
CHIP-0007,ola-the-hardguy,Ola may be feared but he is such a coolheaded champ.,355,420,[object Object],[object Object],[object Object],[object Object],[object Object],[object Object],[object Object],[object Object],[object Object]
CHIP-0007,chibuzor-the-barman,Chibuzor is a lively person who spends his weekends like festivals.,356,420,[object Object],[object Object],[object Object],[object Object],[object Object],[object Object],[object Object],[object Object],[object Object]
CHIP-0007,ugochukwu-the-celeb,Ugochukwu is an online celebrity with many followers on social media.,357,420,[object Object],[object Object],[object Object],[object Object],[object Object],[object Object],[object Object],[object Object],[object Object]
CHIP-0007,adekunle-the-yorubademon,He might be every woman's man but faithful and loyal to one.,358,420,[object Object],[object Object],[object Object],[object Object],[object Object],[object Object],[object Object],[object Object],[object Object]
CHIP-0007,favour-the-fashionista,Combining dresses is not a problem for Favour.,359,420,[object Object],[object Object],[object Object],[object Object],[object Object],[object Object],[object Object],[object Object],[object Object]
CHIP-0007,jane-the-slayqueen,Jane is always found in the midst of men and loves partying.,360,420,[object Object],[object Object],[object Object],[object Object],[object Object],[object Object],[object Object],[object Object],[object Object]
CHIP-0007,osas-the-ceo,Meet Osas; a Gen-Z CEO with the British accent.,361,420,[object Object],[object Object],[object Object],[object Object],[object Object],[object Object],[object Object],[object Object],[object Object]
CHIP-0007,nneka-the-rainbow-babe,Nneka; the happy rainbow babe with the vibes.,362,420,[object Object],[object Object],[object Object],[object Object],[object Object],[object Object],[object Object],[object Object],[object Object]
CHIP-0007,temitope-the-spoiltgirl,Temitope; our favourite daddy's girl.,363,420,[object Object],[object Object],[object Object],[object Object],[object Object],[object Object],[object Object],[object Object],[object Object]
CHIP-0007,bekeh-the-party-animal,Baby Bekeh is life of the party that goes home with your charger.,364,420,[object Object],[object Object],[object Object],[object Object],[object Object],[object Object],[object Object],[object Object],[object Object]
CHIP-0007,nana-the-tech-lady,Nana; the tech madam that doubles as Kumasi Adele in her bathroom every morning.,365,420,[object Object],[object Object],[object Object],[object Object],[object Object],[object Object],[object Object],[object Object],[object Object]
CHIP-0007,rofiat-the-marketer,Rofiat; the distressed marketing intern.,366,420,[object Object],[object Object],[object Object],[object Object],[object Object],[object Object],[object Object],[object Object],[object Object]
CHIP-0007,zarifa-the-righteous,Meet Zarifa; a proper baddie for Christ.,367,420,[object Object],[object Object],[object Object],[object Object],[object Object],[object Object],[object Object],[object Object],[object Object]
CHIP-0007,modinat-the-troublesome,Modinat; The queen of gbas gbos.,368,420,[object Object],[object Object],[object Object],[object Object],[object Object],[object Object],[object Object],[object Object],[object Object]
CHIP-0007,amaka-our-mummy-go,Here's Amaka; our one and only mummy G.O who's been to hell and back.,369,420,[object Object],[object Object],[object Object],[object Object],[object Object],[object Object],[object Object],[object Object],[object Object]
CHIP-0007,mawusi-the-patient,Meet Mawusi; the sweet sister waiting for her Canadian bobo.,370,420,[object Object],[object Object],[object Object],[object Object],[object Object],[object Object],[object Object],[object Object],[object Object]
CHIP-0007,nesta-the-difficult,Meet Nesta;the National Chairlady; (SAN)Shege Administrators of Nigeria.,371,420,[object Object],[object Object],[object Object],[object Object],[object Object],[object Object],[object Object],[object Object],[object Object]
CHIP-0007,adaora-the-choir-mistress,Adaora; a lovely choir mistress who loves her boyfriend.,372,420,[object Object],[object Object],[object Object],[object Object],[object Object],[object Object],[object Object],[object Object],[object Object]
CHIP-0007,busayo-the-husband-snatcher,Miss Busayo; loves being around her husband.,373,420,[object Object],[object Object],[object Object],[object Object],[object Object],[object Object],[object Object],[object Object],[object Object]
CHIP-0007,wangari-the-waitress,Wangari; the aspiring musician that doubles as a waitress.,374,420,[object Object],[object Object],[object Object],[object Object],[object Object],[object Object],[object Object],[object Object],[object Object]
CHIP-0007,charlene-the-shy-lady,Meet Charlene; the shy sweetheart next door.,375,420,[object Object],[object Object],[object Object],[object Object],[object Object],[object Object],[object Object],[object Object],[object Object]
CHIP-0007,addae-the-unretired,Mummy Addae; the hot grandma that has refused to retire.,376,420,[object Object],[object Object],[object Object],[object Object],[object Object],[object Object],[object Object],[object Object],[object Object]
CHIP-0007,abena-the-slay-queen,Abena; the gang's slay queen.,377,420,[object Object],[object Object],[object Object],[object Object],[object Object],[object Object],[object Object],[object Object],[object Object]
CHIP-0007,gasira-the-violence-mama,Sister Gasira; wipes people Oraimo cord for a living.,378,420,[object Object],[object Object],[object Object],[object Object],[object Object],[object Object],[object Object],[object Object],[object Object]
CHIP-0007,salamatou-the-exchange-student,Salamatou; an Ivorian exchange student who's in love with amala.,379,420,[object Object],[object Object],[object Object],[object Object],[object Object],[object Object],[object Object],[object Object],[object Object]
CHIP-0007,nguyen-the-foreigner,Meet Nguyen; the Asian aunt that's addicted to waakaye.,380,420,[object Object],[object Object],[object Object],[object Object],[object Object],[object Object],[object Object],[object Object],[object Object]
CHIP-0007,baba-ijebu-the-gambler,Baba Ijebu likes to spend all his money playing ayo; he plays till the moon is high.,381,420,[object Object],[object Object],[object Object],[object Object],[object Object],[object Object],[object Object],[object Object],[object Object]
CHIP-0007,amadi-the-palmwine-tapper,Amadi sells his palmwine at the village square.,382,420,[object Object],[object Object],[object Object],[object Object],[object Object],[object Object],[object Object],[object Object],[object Object]
CHIP-0007,saro-the-betrayer,Saro is mean; wicked and serves breakfast on a weekly basis.,383,420,[object Object],[object Object],[object Object],[object Object],[object Object],[object Object],[object Object],[object Object],[object Object]
CHIP-0007,tope-the-baller,Tope is an alte fashion king in Lagos who spends most of his nights at the club.,384,420,[object Object],[object Object],[object Object],[object Object],[object Object],[object Object],[object Object],[object Object],[object Object]
CHIP-0007,kwame-the-maths-teacher,Kwame teaches maths and is well known for punishing students.,385,420,[object Object],[object Object],[object Object],[object Object],[object Object],[object Object],[object Object],[object Object],[object Object]
CHIP-0007,jagaban-of-afrobeats,Jagaban is a party mover who wows the crowd with his theatrics.,386,420,[object Object],[object Object],[object Object],[object Object],[object Object],[object Object],[object Object],[object Object],[object Object]
CHIP-0007,nyame-the-traveller,Nyame and adventure loving traveller who loves to explore the African continent.,387,420,[object Object],[object Object],[object Object],[object Object],[object Object],[object Object],[object Object],[object Object],[object Object],[object Object]
CHIP-0007,adewale-the-gardner,Adewale is a hardworking and resourceful lover of plants.,388,420,[object Object],[object Object],[object Object],[object Object],[object Object],[object Object],[object Object],[object Object],[object Object]
CHIP-0007,emeka-the-driver,Emeka is a fixture on the bustling streets of Lagos.,389,420,[object Object],[object Object],[object Object],[object Object],[object Object],[object Object],[object Object],[object Object],[object Object]
CHIP-0007,abang-the-wordsmith,Abang is a storyteller and connoisseur of words.,390,420,[object Object],[object Object],[object Object],[object Object],[object Object],[object Object],[object Object],[object Object],[object Object]
CHIP-0007,onome-the-stylist,Onome is a fashionista with a pereferece for pipes over cigars.,391,420,[object Object],[object Object],[object Object],[object Object],[object Object],[object Object],[object Object],[object Object],[object Object]
CHIP-0007,adaeze-the-developer,Adaeze is a gen-z software engineer whose favourite colour is purple.,392,420,[object Object],[object Object],[object Object],[object Object],[object Object],[object Object],[object Object],[object Object],[object Object]
CHIP-0007,precious-the-sidechick,Precious can be found in every happening party in the cities of Lagos & Abuja. A Small girl with a big God.,393,420,[object Object],[object Object],[object Object],[object Object],[object Object],[object Object],[object Object],[object Object],[object Object]
CHIP-0007,ella-the-creative,Ella is a smart, resourceful and an intellligent copywriter in a marketing firm.,394,420,[object Object],[object Object],[object Object],[object Object],[object Object],[object Object],[object Object],[object Object],[object Object]
CHIP-0007,maame-the-starter,Maame is a no nonsense tough cookie who is never afraid to start something.,395,420,[object Object],[object Object],[object Object],[object Object],[object Object],[object Object],[object Object],[object Object]
CHIP-0007,abigail-the-beautiful,Abigail is the k-pop stan who loves comic books.,396,420,[object Object],[object Object],[object Object],[object Object],[object Object],[object Object],[object Object],[object Object],[object Object]
CHIP-0007,abike-the-iya-loja,Abike is a well known trader & the iya-loja of the largest market in Lagos.,397,420,[object Object],[object Object],[object Object],[object Object],[object Object],[object Object],[object Object],[object Object],[object Object]
CHIP-0007,ashanti-the-gold-seller,Ashanti is a well known gold trader whose trinkets are one of a kind.,398,420,[object Object],[object Object],[object Object],[object Object],[object Object],[object Object],[object Object],[object Object],[object Object]
CHIP-0007,yemoja-the-cool,Yemoja is a content creator who is known for her cool girl aesthetic.,399,420,[object Object],[object Object],[object Object],[object Object],[object Object],[object Object],[object Object],[object Object],[object Object]
CHIP-0007,Nana-the-dancer,Nana is a dancer from Kumasi who performes at well known events all over Ghana.,400,420,[object Object],[object Object],[object Object],[object Object],[object Object],[object Object],[object Object],[object Object],[object Object]
CHIP-0007,smirky-becky,Becky ends every statement she makes with a smirk.,401,420,[object Object],[object Object],[object Object],[object Object],[object Object],[object Object],[object Object],[object Object],[object Object]
CHIP-0007,ankara-scarlett,Scarlett is a tailor at yaba market and she loves what she does.,402,420,[object Object],[object Object],[object Object],[object Object],[object Object],[object Object],[object Object],[object Object],[object Object]
CHIP-0007,sea-rastafaria,Ronke is the ghetto goddess that nobody wants to mess with; stay clear.,403,420,[object Object],[object Object],[object Object],[object Object],[object Object],[object Object],[object Object],[object Object],[object Object]
CHIP-0007,pretty-betty,Betty is very proud of her beauty and does not hesitate to flaunt it.,404,420,[object Object],[object Object],[object Object],[object Object],[object Object],[object Object],[object Object],[object Object],[object Object]
CHIP-0007,lola-medusa,Lola is the head maketer at her firm and she is the best at negotiating.,405,420,[object Object],[object Object],[object Object],[object Object],[object Object],[object Object],[object Object],[object Object],[object Object]
CHIP-0007,bukola-nosend,Bukola is friends with many but always get moody.,406,420,[object Object],[object Object],[object Object],[object Object],[object Object],[object Object],[object Object],[object Object],[object Object]
CHIP-0007,burna-morgan,Morgan paints the town red with her red hair.,407,420,[object Object],[object Object],[object Object],[object Object],[object Object],[object Object],[object Object],[object Object],[object Object]
CHIP-0007,afro-star,Bimbo is an afro star with great affluence.,408,420,[object Object],[object Object],[object Object],[object Object],[object Object],[object Object],[object Object],[object Object],[object Object]
CHIP-0007,fiesty-sandra,Sandra is a social animal; correct owambe ambassador.,409,420,[object Object],[object Object],[object Object],[object Object],[object Object],[object Object],[object Object],[object Object],[object Object]
CHIP-0007,sister-nkechi-sabi,Nkechi is the true definition of amebo; always in peoples business.,410,420,[object Object],[object Object],[object Object],[object Object],[object Object],[object Object],[object Object],[object Object],[object Object]
CHIP-0007,unfriendly-gina,Gina is an angry one; she has no friends but has a lot of money.,411,420,[object Object],[object Object],[object Object],[object Object],[object Object],[object Object],[object Object],[object Object],[object Object]
CHIP-0007,dada-ganster,Zoe got her nickname dada gangster because of her beautiful dreadlocks; she is a sweet one and is ever ready to help others.,412,420,[object Object],[object Object],[object Object],[object Object],[object Object],[object Object],[object Object],[object Object],[object Object]
CHIP-0007,idoncare-linda,Linda is a carefree woman that pays little attention to whatever is happening round her.,413,420,[object Object],[object Object],[object Object],[object Object],[object Object],[object Object],[object Object],[object Object],[object Object]
CHIP-0007,doubting-vivian,Vivian just like the thomas in the bible; she doubts all.,414,420,[object Object],[object Object],[object Object],[object Object],[object Object],[object Object],[object Object],[object Object],[object Object]
CHIP-0007,simbi-side-eyed,Simbi is reserved but doesn't allow anyone intimidate her.,415,420,[object Object],[object Object],[object Object],[object Object],[object Object],[object Object],[object Object],[object Object],[object Object]
CHIP-0007,bambi-tekno,Bambi is the dancer of the team; anytime she hears a beat shes on her feet.,416,420,[object Object],[object Object],[object Object],[object Object],[object Object],[object Object],[object Object],[object Object],[object Object]
CHIP-0007,saka-portable,Saka is forever convinced that his toothless smile is the icing on his cake.,417,420,[object Object],[object Object],[object Object],[object Object],[object Object],[object Object],[object Object],[object Object],[object Object]
CHIP-0007,king-of-boys,Busayo has her way of convincing people to do things her way.,418,420,[object Object],[object Object],[object Object],[object Object],[object Object],[object Object],[object Object],[object Object]
CHIP-0007,funky-alte-pop,Funke is always the life of every party; strong gen z advocate.,419,420,[object Object],[object Object],[object Object],[object Object],[object Object],[object Object],[object Object],[object Object],[object Object]
CHIP-0007,madame-ngozi,Ngozi make heads turn with her beautiful collection of materials from all over Africa.,420,420,[object Object],[object Object],[object Object],[object Object],[object Object],[object Object],[object Object],[object Object],[object Object]